{
    "68.0": {
        "models": [
            "PowerLawSpectralModel",
            "DiskSpatialModel",
            "analysis_3"
        ],
        "result": [
            false,
            "Optimization failed. Estimated distance to minimum too large.",
            1290838.9832853319
        ],
        "amplitude": 1.000000000000009e-15,
        "lat_0": -0.9703402343393531,
        "r_0": 1.0,
        "e": 0.009999999999999995,
        "phi": 0.0,
        "edge_width": 0.1
    },
    "68.5": {
        "models": [
            "PowerLawSpectralModel",
            "DiskSpatialModel",
            "analysis_3"
        ],
        "result": [
            false,
            "Optimization failed. Estimated distance to minimum too large.",
            1285993.6502937146
        ],
        "amplitude": 1.000000000000009e-15,
        "lat_0": -0.9703402343393531,
        "r_0": 0.0004908191686931074,
        "e": 0.009999999999999995,
        "phi": 0.0,
        "edge_width": 0.1
    },
    "69.0": {
        "models": [
            "PowerLawSpectralModel",
            "DiskSpatialModel",
            "analysis_3"
        ],
        "result": [
            false,
            "Optimization failed. Estimated distance to minimum too large.",
            1369577.9063581517
        ],
        "amplitude": 1.000000000000009e-15,
        "lat_0": -1.4249260268298287,
        "r_0": 0.0004908191686931074,
        "e": 0.009999999999999995,
        "phi": 0.0,
        "edge_width": 0.1
    }
}